total_logs,mean_duration,fail_ratio,sensitive_ratio,vpn_ratio,unique_patient_count,unique_device_count,shift_logic,source
1.2466340122089674,-0.851921782450056,0.6264952658889661,0.8246726589951054,0.22941573387056197,0.0,0.9281520166694895,0.0,train
-0.7083147796641873,0.9289467892344001,-0.27861629017212913,0.6727040970768416,0.22941573387056197,0.0,-0.5990988708943671,0.0,train
-0.11333036474627065,0.679330478618478,0.8953935297217335,1.324882659039547,0.22941573387056197,0.0,0.7893110268909571,0.0,train
-0.2833259118656754,0.3946802998459292,-0.32912779480902277,0.8367656480071689,0.22941573387056197,0.0,-0.18257590155876982,0.0,train
-1.4732947417015088,-1.6914959440494115,-0.17672239288736086,0.2080344692851469,0.22941573387056197,0.0,-1.5709857993440939,0.0,train
3.371578351201527,-0.11361455028770459,-0.6429998611943449,1.2510145982017153,0.22941573387056197,0.0,3.704971812240138,0.0,train
1.0766384650895626,0.5248575154278983,-0.46751547874571797,0.980804743157705,0.22941573387056197,0.0,0.5116290473338923,0.0,train
1.2466340122089674,-1.1685285301492478,0.6264952658889661,1.283198492369177,0.22941573387056197,0.0,2.0388799348977487,0.0,train
0.056665182373134115,1.3607261419258903,0.24572328408099856,1.2196501359314058,0.22941573387056197,0.0,0.7893110268909571,0.0,train
0.31165850305224124,1.4488928653617732,-1.591915410731365,0.8198913677190462,0.22941573387056197,0.0,0.7893110268909571,0.0,train
-1.2183014210224015,-0.8837614856173233,-0.21239952779099128,1.1582460743908887,0.22941573387056197,0.0,-1.293303819787029,0.0,train
1.3316317857686697,0.3935046666863155,-1.0410349071410816,0.9433706216135133,0.22941573387056197,0.0,0.7893110268909571,0.0,train
-0.9633081003432944,0.5877973189879612,-0.2463220495026397,1.1876275341249325,0.22941573387056197,0.0,-0.8767808504514318,0.0,train
-2.153276930179128,-0.7256736089126777,1.4481288498224218,1.2759203045378424,0.22941573387056197,0.0,-1.293303819787029,0.0,train
-0.878310326783592,0.8493373083419196,-1.591915410731365,1.1708303729244278,0.22941573387056197,0.0,-0.46025788111583466,0.0,train
1.7566206535671816,1.060380667984325,-1.0589206377771299,1.5137374549746936,0.22941573387056197,0.0,2.4554029042333463,0.0,train
0.9916406915298602,-1.5487933345321452,-1.0258382035937634,1.3279217017327565,0.22941573387056197,0.0,0.6504700371124247,0.0,train
0.7366473708507532,-0.35534053956342243,0.1421943435281894,0.8283630077546551,0.22941573387056197,0.0,1.066993006448022,0.0,train
-0.11333036474627065,0.2463835283875089,1.517220764835008,1.0311085320293194,0.22941573387056197,0.0,-1.0156218402299644,0.0,train
-1.048305873902997,0.5119424205354502,-0.23520144321149322,0.8041012520668708,0.22941573387056197,0.0,-0.3214168913373022,0.0,train
-0.028332591186568265,-0.7966029237504493,0.2595401163728208,1.5269904231104932,0.22941573387056197,0.0,0.3727880575553599,0.0,train
-0.3683236854253778,-0.5894590779258152,-1.591915410731365,1.8270314575337736,0.22941573387056197,0.0,-0.3214168913373022,0.0,train
-0.028332591186568265,-0.3438626162753219,0.2595401163728208,1.0896424746291016,0.22941573387056197,0.0,0.09510607799829501,0.0,train
2.946589483403015,-0.05966517781024793,-0.12617978510721792,0.8527456692016812,0.22941573387056197,0.0,2.5942438940118784,0.0,train
-1.558292515261211,1.4894886797403377,0.5493331553978239,0.6389839364113199,0.22941573387056197,0.0,-1.1544628300084967,0.0,train
-0.7083147796641873,-0.9418617703291616,-0.9352658504517471,0.3624786189540411,0.22941573387056197,0.0,-1.0156218402299644,0.0,train
0.481654050171646,0.1933615790538346,1.951157756244991,0.8652001221710253,0.22941573387056197,0.0,0.5116290473338923,0.0,train
0.9916406915298602,-0.9900635406549962,0.6723934178190417,1.0604859447303423,0.22941573387056197,0.0,1.066993006448022,0.0,train
0.6516495972910508,0.5310266484341973,-0.4276431407320425,0.771712228392629,0.22941573387056197,0.0,0.6504700371124247,0.0,train
0.481654050171646,0.865999245550115,1.3606455617489315,1.1441798686843352,0.22941573387056197,0.0,0.09510607799829501,0.0,train
0.14166295593283648,0.522813428752092,1.4481288498224218,1.132297397999509,0.22941573387056197,0.0,-0.18257590155876982,0.0,train
-2.3232724772985325,-0.42993763459528955,-0.8175645141752119,1.8653161945772303,0.22941573387056197,0.0,-1.5709857993440939,0.0,train
2.096611747805991,1.9335096986241005,-0.03341170753606922,1.146386986932067,0.22941573387056197,0.0,0.7893110268909571,0.0,train
1.0766384650895626,1.844626521328007,0.09468448724710564,1.1136067457787668,0.22941573387056197,0.0,0.7893110268909571,0.0,train
0.9066429179701578,0.49230071371985185,0.11810948583013996,1.073950592218311,0.22941573387056197,0.0,1.6223569655621515,0.0,train
-0.6233170061044849,-1.55894443138787,-1.591915410731365,0.9681569333842706,0.22941573387056197,0.0,-0.0437349117802374,0.0,train
0.9916406915298602,-0.2833458554266066,-1.0258382035937634,0.5256144307255138,0.22941573387056197,0.0,0.6504700371124247,0.0,train
0.31165850305224124,-0.37951704208231657,-0.3936497897831572,1.456759365690124,0.22941573387056197,0.0,0.9281520166694895,0.0,train
-1.2183014210224015,0.5183292462810619,-0.9021574692611782,1.3211796238251325,0.22941573387056197,0.0,-1.5709857993440939,0.0,train
-0.6233170061044849,-1.4651037131112028,0.36239875676749783,1.4298019901146284,0.22941573387056197,0.0,0.6504700371124247,0.0,train
0.14166295593283648,1.9582288601692028,0.8401199977116646,0.773240131653675,0.22941573387056197,0.0,-0.3214168913373022,0.0,train
0.39665627661194364,0.4254618687878924,-0.4023328739929267,1.4398377522174626,0.22941573387056197,0.0,0.6504700371124247,0.0,train
-0.6233170061044849,1.4126783140398131,0.36239875676749783,0.9681569333842706,0.22941573387056197,0.0,-0.46025788111583466,0.0,train
1.0766384650895626,-0.39898078870217674,-1.0297154447385415,1.5784137549524837,0.22941573387056197,0.0,0.9281520166694895,0.0,train
-1.983281383059723,1.5372621363175485,-0.09953004645950614,1.324882659039547,0.22941573387056197,0.0,-1.7098267891226264,0.0,train
-0.6233170061044849,-0.4797761712062351,-1.591915410731365,1.5836836756914143,-4.358898943540673,0.0,-0.46025788111583466,0.0,train
0.481654050171646,-0.11381487285898298,-1.591915410731365,0.6559653122860429,-4.358898943540673,0.0,0.7893110268909571,0.0,train
0.5666518237313484,1.7663187986564997,-1.0056211604817062,0.8527456692016812,-4.358898943540673,0.0,0.23394706777682744,0.0,train
1.1616362386492651,0.2540681759520074,-1.0335399343031186,1.0341062272028931,0.22941573387056197,0.0,0.5116290473338923,0.0,train
0.6516495972910508,1.7454098442887058,-1.009779275731704,1.0467348153809275,0.22941573387056197,0.0,0.6504700371124247,0.0,train
-0.028332591186568265,1.276124520290239,-0.9747635683633031,1.016751149882203,0.22941573387056197,0.0,-0.3214168913373022,0.0,train
0.9916406915298602,-1.292079645453454,0.10631621068144,0.7261912484773244,0.22941573387056197,0.0,0.6504700371124247,0.0,train
1.4166295593283722,-0.6242213657091343,-0.49749947693200175,1.1897465606148425,0.22941573387056197,0.0,0.7893110268909571,0.0,train
1.7566206535671816,-0.1837197637138677,0.0070689081313409785,1.0101246658143033,0.22941573387056197,0.0,1.761197955340684,0.0,train
1.0766384650895626,0.24590633918083143,-1.0297154447385415,1.3128097497103597,0.22941573387056197,0.0,-0.7379398606728995,0.0,train
0.9916406915298602,-2.009367894349792,0.6723934178190417,1.1942038232315495,0.22941573387056197,0.0,1.761197955340684,0.0,train
0.39665627661194364,-2.414693203691806,-0.9971241423621459,0.45633306613974345,0.22941573387056197,0.0,-0.0437349117802374,0.0,train
-0.3683236854253778,0.3882302659798848,0.3169495900814778,1.2258192906291214,0.22941573387056197,0.0,0.3727880575553599,0.0,train
-0.6233170061044849,-0.08529759622841107,2.316712924266361,1.3528611473262355,0.22941573387056197,0.0,0.6504700371124247,0.0,train
-1.558292515261211,-0.44879815631619346,1.2630826774408872,1.6505887563769734,0.22941573387056197,0.0,-0.3214168913373022,0.0,train
-1.983281383059723,0.1518318955784452,1.3928553178123528,1.589279373348752,0.22941573387056197,0.0,-1.293303819787029,0.0,train
0.056665182373134115,-1.3811969348842834,0.8582695156851199,1.2196501359314058,0.22941573387056197,0.0,0.09510607799829501,0.0,train
1.4166295593283722,0.8296841627906435,1.691332390666725,0.28492224942334093,0.22941573387056197,0.0,1.4835159757836192,0.0,train
-0.7083147796641873,-0.015215957586534292,-0.27861629017212913,1.6809369009759434,0.22941573387056197,0.0,-0.7379398606728995,0.0,train
0.481654050171646,1.729243838617935,-0.4108910217392464,1.423159615197645,0.22941573387056197,0.0,0.3727880575553599,0.0,train
-0.028332591186568265,1.1938081007493089,0.2595401163728208,0.43362055190701404,0.22941573387056197,0.0,0.09510607799829501,0.0,train
-0.198328138305973,3.2124329209543214,-0.3387673949305675,1.3417017884485296,0.22941573387056197,0.0,-0.18257590155876982,0.0,train
0.31165850305224124,-0.6464265303193505,-0.9927826002572612,1.1737069221474226,0.22941573387056197,0.0,-0.18257590155876982,0.0,train
-1.1333036474626992,0.2268096815954565,1.1441244237670432,0.7373344050190916,0.22941573387056197,0.0,-0.8767808504514318,0.0,train
-0.5383192325447825,1.750863404767099,-0.9456067884089066,1.4116269878811498,0.22941573387056197,0.0,-0.3214168913373022,0.0,train
-0.7083147796641873,0.38066675258328225,-0.9352658504517471,1.0604859447303423,0.22941573387056197,0.0,-1.1544628300084967,0.0,train
-1.4732947417015088,1.2984634934553134,-0.17672239288736086,0.8766238617911825,0.22941573387056197,0.0,-1.5709857993440939,0.0,train
-0.11333036474627065,-1.4041230443320907,0.8953935297217335,1.0311085320293194,0.22941573387056197,0.0,0.09510607799829501,0.0,train
-0.6233170061044849,-0.7543471617194358,-0.2890392990654565,1.3528611473262355,0.22941573387056197,0.0,-0.3214168913373022,0.0,train
0.6516495972910508,-0.9768583684132793,-1.009779275731704,1.5967799893575239,0.22941573387056197,0.0,0.5116290473338923,0.0,train
0.7366473708507532,-1.026103420202955,-0.43584224122499543,0.69182010365131,0.22941573387056197,0.0,0.7893110268909571,0.0,train
0.6516495972910508,-0.44265399581231485,0.15449299426761884,0.7029565816455545,0.22941573387056197,0.0,-0.18257590155876982,0.0,train
0.6516495972910508,-0.7283912183663187,0.15449299426761884,0.7029565816455545,0.22941573387056197,0.0,1.4835159757836192,0.0,train
0.7366473708507532,-0.603599904581732,-0.43584224122499543,0.9649059118580005,0.22941573387056197,0.0,0.9281520166694895,0.0,train
0.5666518237313484,-0.37481359002271036,0.16696734001761165,1.129732703239896,0.22941573387056197,0.0,0.09510607799829501,0.0,train
-0.7083147796641873,-1.7003450159200075,1.034682830387107,1.4482677923838427,0.22941573387056197,0.0,-0.0437349117802374,0.0,train
0.31165850305224124,0.5570635573601997,-0.3936497897831572,1.7398118092328252,0.22941573387056197,0.0,0.09510607799829501,0.0,train
-0.198328138305973,0.37763137545673436,1.5409546287706293,0.7496684332523456,0.22941573387056197,0.0,-0.0437349117802374,0.0,train
-0.3683236854253778,-0.07515374597542347,-0.9556270771270842,0.850061686313714,0.22941573387056197,0.0,-1.1544628300084967,0.0,train
-1.8132858359403181,1.2599699229553356,-1.591915410731365,1.2855379098863917,0.22941573387056197,0.0,-1.5709857993440939,0.0,train
-2.663263571537342,1.6775381191104395,0.8222373844142893,0.2621115525025468,0.22941573387056197,0.0,-2.1263497584582236,0.0,train
-1.2183014210224015,-0.29679699286720684,-0.21239952779099128,1.4026463985422546,0.22941573387056197,0.0,-1.4321448095655616,0.0,train
0.14166295593283648,0.8650424186153797,-0.9839065586206077,1.6349775708836762,0.22941573387056197,0.0,0.3727880575553599,0.0,train
-1.6432902888209135,0.7696041520483672,-0.15189444520588716,1.3326135571187636,0.22941573387056197,0.0,-2.542872727793821,0.0,train
0.31165850305224124,-1.0699655385996658,0.20548302069094698,0.8198913677190462,0.22941573387056197,0.0,-0.46025788111583466,0.0,train
0.8216451444104556,-0.11919059846534598,0.1300677018900108,0.952015497834258,0.22941573387056197,0.0,0.23394706777682744,0.0,train
0.7366473708507532,0.3138803574424574,-1.591915410731365,0.7600915557029826,0.22941573387056197,0.0,1.4835159757836192,0.0,train
-0.9633081003432944,-0.8462221818901221,-0.9191187301170024,0.8697735606384567,0.22941573387056197,0.0,-0.3214168913373022,0.0,train
0.31165850305224124,-1.7508244726653872,-0.3936497897831572,0.9614175894903967,0.22941573387056197,0.0,-0.3214168913373022,0.0,train
-0.11333036474627065,-1.5583914978626692,-0.9700881756180906,0.9576650002767625,0.22941573387056197,0.0,1.066993006448022,0.0,train
1.0766384650895626,0.9372853297716799,-0.46751547874571797,0.9144037418471741,0.22941573387056197,0.0,1.3446749860050868,0.0,train
-0.11333036474627065,-0.4304071064563079,0.27356629460845877,1.2514391272869902,0.22941573387056197,0.0,-0.5990988708943671,0.0,train
-0.028332591186568265,-0.7554447139799843,-0.9747635683633031,0.6522945261477099,0.22941573387056197,0.0,0.6504700371124247,0.0,train
-0.5383192325447825,1.9284464963090298,0.3470104562360108,1.5642970066423705,0.22941573387056197,0.0,-1.1544628300084967,0.0,train
0.9066429179701578,-1.6881926429031808,-1.591915410731365,0.8719808798987794,0.22941573387056197,0.0,1.066993006448022,0.0,train
-0.6233170061044849,-0.1356935375251388,1.6652748684334064,1.2759203045378424,0.22941573387056197,0.0,-0.5990988708943671,0.0,train
0.31165850305224124,-0.8302264773089235,0.8046158311650509,0.6076020350620204,0.22941573387056197,0.0,0.09510607799829501,0.0,train
-0.198328138305973,0.7119240105389977,0.9143806208702302,1.1936934496494835,0.22941573387056197,0.0,-0.18257590155876982,0.0,train
0.8216451444104556,0.059959863699192484,1.278056443637595,0.952015497834258,0.22941573387056197,0.0,0.23394706777682744,0.0,train
0.22666072949253888,-0.9081416722284146,-1.591915410731365,1.3313629706647727,0.22941573387056197,0.0,0.3727880575553599,0.0,train
-0.11333036474627065,-2.271675745369631,1.517220764835008,1.1779955955344334,0.22941573387056197,0.0,1.066993006448022,0.0,train
0.7366473708507532,-0.6421494954230826,1.2982675130345593,1.033177363909673,0.22941573387056197,0.0,0.7893110268909571,0.0,train
-0.6233170061044849,-0.14090691076273004,-0.9404773548984109,0.8142752478074846,0.22941573387056197,0.0,-0.0437349117802374,0.0,train
-0.198328138305973,-0.555045076422773,-0.3387673949305675,0.9716809414509148,0.22941573387056197,0.0,0.3727880575553599,0.0,train
0.8216451444104556,0.17326870301693917,-0.44392666898378125,1.3587796736945736,0.22941573387056197,0.0,1.066993006448022,0.0,train
0.14166295593283648,-0.1259619074816314,0.23211114560090715,1.2041088512686757,0.22941573387056197,0.0,-0.0437349117802374,0.0,train
0.14166295593283648,0.8585546652530436,-0.3758977065098503,0.9886744914611755,-4.358898943540673,0.0,1.066993006448022,0.0,train
-0.11333036474627065,-0.3059970632864899,-0.9700881756180906,0.8107779367716488,-4.358898943540673,0.0,-0.46025788111583466,0.0,train
0.9916406915298602,1.1618012060340115,0.10631621068144,1.2610627624821529,-4.358898943540673,0.0,1.066993006448022,0.0,train
0.9916406915298602,-1.3222812559333004,1.8045478320942452,0.5256144307255138,0.22941573387056197,0.0,1.6223569655621515,0.0,train
-1.8982836095000206,1.3253660541417573,-0.11297495965114444,1.4797095638152078,0.22941573387056197,0.0,-1.8486677789011587,0.0,train
-0.878310326783592,-0.4466309852566687,1.0773917448768384,1.0920129242143666,0.22941573387056197,0.0,-0.18257590155876982,0.0,train
-0.3683236854253778,-0.9051712618953685,-0.31933874352280317,0.5494556028613881,0.22941573387056197,0.0,-0.0437349117802374,0.0,train
-1.2183014210224015,-1.8405688092225174,0.47735841367919585,1.1582460743908887,0.22941573387056197,0.0,-0.18257590155876982,0.0,train
0.7366473708507532,-0.36767640863265094,0.1421943435281894,1.5793489803230543,0.22941573387056197,0.0,1.3446749860050868,0.0,train
-0.878310326783592,1.8337747621331528,0.41006495597478737,1.8013699626049167,0.22941573387056197,0.0,-0.8767808504514318,0.0,train
-0.198328138305973,-0.8057645527344706,0.2878066129698314,0.9716809414509148,0.22941573387056197,0.0,-0.5990988708943671,0.0,train
0.8216451444104556,0.5208512236267723,-0.44392666898378125,0.952015497834258,0.22941573387056197,0.0,0.09510607799829501,0.0,train
-1.303299194582104,0.10409217731802685,0.4948946325301329,1.2576631554016138,0.22941573387056197,0.0,-0.8767808504514318,0.0,train
-1.4732947417015088,0.0847362722965163,-1.591915410731365,1.2944922321074548,0.22941573387056197,0.0,-1.293303819787029,0.0,train
2.266607294925396,-0.8602438056080343,-0.052893003826010525,0.8787132036427637,0.22941573387056197,0.0,3.0107668633474756,0.0,train
-0.3683236854253778,0.8482195232688546,0.9532379236857589,0.6997586445875511,0.22941573387056197,0.0,-0.3214168913373022,0.0,train
-0.878310326783592,0.5912117553586833,-0.9245886218293143,0.7767431293741224,0.22941573387056197,0.0,-1.1544628300084967,0.0,train
0.9066429179701578,1.109650994604751,0.11810948583013996,1.4105667794175303,0.22941573387056197,0.0,0.3727880575553599,0.0,train
-2.0682791566194254,0.2363850698722064,1.4202385355054148,0.45568856765607524,0.22941573387056197,0.0,-1.4321448095655616,0.0,train
-1.303299194582104,-0.6474288292196597,-0.8963120629775325,0.6825629576104051,0.22941573387056197,0.0,-1.8486677789011587,0.0,train
0.481654050171646,-1.5803855227606984,2.5416699507410505,1.2836697419409901,0.22941573387056197,0.0,1.2058339962265543,0.0,train
0.9916406915298602,0.384109736177987,0.6723934178190417,1.0604859447303423,0.22941573387056197,0.0,1.2058339962265543,0.0,train
-0.2833259118656754,1.0060886720023472,0.3022660131521484,1.1350593769714001,0.22941573387056197,0.0,0.09510607799829501,0.0,train
-0.028332591186568265,0.15497488614273547,-1.591915410731365,0.9438598251353043,0.22941573387056197,0.0,-0.3214168913373022,0.0,train
-0.878310326783592,-0.01582833820878735,-0.2572618329272634,1.5649176164747332,0.22941573387056197,0.0,-1.5709857993440939,0.0,train
-0.45332145898508014,1.1121219162954863,-0.9506560745208007,0.6363495488593259,0.22941573387056197,0.0,-0.8767808504514318,0.0,train
0.7366473708507532,-1.360713868705895,-0.43584224122499543,1.4428060762197088,0.22941573387056197,0.0,0.3727880575553599,0.0,train
-0.45332145898508014,0.3577305170244954,-0.30939673831023623,0.9393041173386233,0.22941573387056197,0.0,-0.46025788111583466,0.0,train
-0.6233170061044849,0.7679578236575476,-0.9404773548984109,0.9681569333842706,0.22941573387056197,0.0,-1.0156218402299644,0.0,train
-0.7933125532238897,0.12309718883341725,0.39391995301747956,1.7797587266682868,0.22941573387056197,0.0,0.09510607799829501,0.0,train
-1.6432902888209135,-1.1165394076995414,-1.591915410731365,0.7373344050190916,0.22941573387056197,0.0,-1.5709857993440939,0.0,train
0.22666072949253888,1.4666265047484273,-0.38483901315853797,0.761095547644919,0.22941573387056197,0.0,0.7893110268909571,0.0,train
0.9916406915298602,0.6619645525925688,0.10631621068144,1.1942038232315495,0.22941573387056197,0.0,-0.0437349117802374,0.0,train
0.39665627661194364,-1.0120691343778085,0.7872496627455117,0.31583239670006935,0.22941573387056197,0.0,-0.0437349117802374,0.0,train
0.6516495972910508,1.1956762748098129,1.3187652642669419,0.771712228392629,0.22941573387056197,0.0,0.5116290473338923,0.0,train
1.2466340122089674,-0.9436489710358007,0.07189259673388325,0.6936652780310849,0.22941573387056197,0.0,1.6223569655621515,0.0,train
1.1616362386492651,0.3151391195923806,0.6415864949816211,1.0341062272028931,0.22941573387056197,0.0,1.066993006448022,0.0,train
1.2466340122089674,0.6822894201857606,-0.48271007242119957,0.955680039959126,0.22941573387056197,0.0,0.7893110268909571,0.0,train
1.3316317857686697,1.5911809480473118,-0.4901544035507981,0.6180502796223214,0.22941573387056197,0.0,0.9281520166694895,0.0,train
-0.6233170061044849,0.3682658754421323,0.36239875676749783,-0.8784232935371609,0.22941573387056197,0.0,0.09510607799829501,0.0,train
-3.0882524393358537,-0.53850276045994,0.9466782501434469,-0.8784232935371609,0.22941573387056197,0.0,-2.820554707350886,0.0,train
0.39665627661194364,0.001818626133098655,-0.4023328739929267,-0.8784232935371609,0.22941573387056197,0.0,1.4835159757836192,0.0,train
0.6516495972910508,0.7220357700327966,-0.4276431407320425,-0.8784232935371609,0.22941573387056197,0.0,0.6504700371124247,0.0,train
-0.9633081003432944,-1.9105195085743585,0.42647463111172296,-0.8784232935371609,0.22941573387056197,0.0,-0.8767808504514318,0.0,train
1.1616362386492651,1.9357534288782523,0.6415864949816211,-0.8784232935371609,0.22941573387056197,0.0,1.761197955340684,0.0,train
-0.6233170061044849,-0.40505115480074827,-0.9404773548984109,-0.8784232935371609,0.22941573387056197,0.0,-0.46025788111583466,0.0,train
0.7366473708507532,-0.720790660739443,-0.43584224122499543,-0.8784232935371609,0.22941573387056197,0.0,0.3727880575553599,0.0,train
-1.048305873902997,-1.5455734934148717,0.44315554054844275,-0.8784232935371609,0.22941573387056197,0.0,-1.4321448095655616,0.0,train
-0.7933125532238897,0.16900850799027514,0.39391995301747956,-0.8784232935371609,0.22941573387056197,0.0,-1.1544628300084967,0.0,train
2.1816095213656936,0.7406122055433852,-1.0756814796939296,-0.8784232935371609,0.22941573387056197,0.0,1.3446749860050868,0.0,train
0.9916406915298602,-0.9991240237989519,-1.0258382035937634,-0.8784232935371609,0.22941573387056197,0.0,1.6223569655621515,0.0,train
1.2466340122089674,1.538903003913953,1.7357006041991316,-0.8784232935371609,0.22941573387056197,0.0,1.4835159757836192,0.0,train
-0.5383192325447825,0.8629479470574632,0.3470104562360108,-0.8784232935371609,0.22941573387056197,0.0,-0.5990988708943671,0.0,train
2.0116139742462886,0.613084111682191,-0.02348493235648146,-0.8784232935371609,0.22941573387056197,0.0,2.0388799348977487,0.0,train
0.39665627661194364,-1.09298975376131,0.19245839437629242,-0.8784232935371609,0.22941573387056197,0.0,0.5116290473338923,0.0,train
0.6516495972910508,-0.6119222417818057,-1.009779275731704,-0.8784232935371609,0.22941573387056197,0.0,0.3727880575553599,0.0,train
0.9066429179701578,-1.3095714115230332,-1.0219071118775302,-0.8784232935371609,0.22941573387056197,0.0,0.9281520166694895,0.0,train
-0.7933125532238897,0.3561854245528716,-0.9299702894817503,-0.8784232935371609,0.22941573387056197,0.0,-0.8767808504514318,0.0,train
0.14166295593283648,0.8958592470864812,-0.9839065586206077,-0.8784232935371609,0.22941573387056197,0.0,0.5116290473338923,0.0,train
1.1616362386492651,1.5350684571890039,-0.475164457874872,-0.8784232935371609,0.22941573387056197,0.0,1.4835159757836192,0.0,train
-1.8132858359403181,0.17102658795321407,0.6066880277048557,-0.8784232935371609,0.22941573387056197,0.0,-0.7379398606728995,0.0,train
1.0766384650895626,0.38838140231777407,0.09468448724710564,-0.8784232935371609,0.22941573387056197,0.0,1.2058339962265543,0.0,train
0.7366473708507532,0.8211929729146521,1.2982675130345593,-0.8784232935371609,0.22941573387056197,0.0,1.3446749860050868,0.0,train
0.22666072949253888,-0.46216825865378164,-0.9883772119449515,-0.8784232935371609,-4.358898943540673,0.0,-0.8767808504514318,0.0,train
0.5666518237313484,0.9545965855633599,1.9258500907665885,-0.8784232935371609,-4.358898943540673,0.0,0.9281520166694895,0.0,train
0.39665627661194364,0.325501103667098,0.19245839437629242,-0.8784232935371609,-4.358898943540673,0.0,0.6504700371124247,0.0,train
0.14166295593283648,-1.2013070272890316,0.8401199977116646,-0.8784232935371609,0.22941573387056197,0.0,0.9281520166694895,0.0,train
-0.028332591186568265,0.11381667637227048,-0.35761172599524116,-0.8784232935371609,0.22941573387056197,0.0,-0.5990988708943671,0.0,train
0.7366473708507532,-0.9227905167481316,0.7202309282813744,-0.8784232935371609,0.22941573387056197,0.0,0.3727880575553599,0.0,train
0.5666518237313484,0.5323133533183702,-1.0056211604817062,-0.8784232935371609,0.22941573387056197,0.0,0.09510607799829501,0.0,train
0.22666072949253888,-0.6537597251353031,-0.38483901315853797,-0.8784232935371609,0.22941573387056197,0.0,-0.3214168913373022,0.0,train
-2.5782657979776396,-0.8204507097611436,-1.591915410731365,-0.8784232935371609,0.22941573387056197,0.0,-2.4040317380152882,0.0,train
-0.6233170061044849,0.4464664740060133,-1.591915410731365,-0.8784232935371609,0.22941573387056197,0.0,-0.3214168913373022,0.0,train
0.056665182373134115,-0.37299279996659707,-1.591915410731365,-0.8784232935371609,0.22941573387056197,0.0,0.23394706777682744,0.0,train
-1.8982836095000206,-1.4915463179108843,-0.8524451851912548,-0.8784232935371609,0.22941573387056197,0.0,-1.7098267891226264,0.0,train
0.9066429179701578,-0.18891338932555868,1.8281343823916452,-0.8784232935371609,0.22941573387056197,0.0,1.2058339962265543,0.0,train
0.14166295593283648,0.3687292863965845,-0.9839065586206077,-0.8784232935371609,0.22941573387056197,0.0,-0.18257590155876982,0.0,train
-0.9633081003432944,-1.0544152508536517,-0.2463220495026397,-0.8784232935371609,0.22941573387056197,0.0,-1.4321448095655616,0.0,train
0.9916406915298602,-0.7907329114880125,-0.45976099645616175,-0.8784232935371609,0.22941573387056197,0.0,1.4835159757836192,0.0,train
-0.3683236854253778,-0.6692358125847881,-0.9556270771270842,-0.8784232935371609,0.22941573387056197,0.0,-1.4321448095655616,0.0,train
-0.7083147796641873,1.2652719235379628,-1.591915410731365,-0.8784232935371609,0.22941573387056197,0.0,-1.4321448095655616,0.0,train
-0.028332591186568265,0.09241440729162818,0.2595401163728208,-0.8784232935371609,0.22941573387056197,0.0,0.09510607799829501,0.0,train
-0.3683236854253778,-1.183541144535186,0.9532379236857589,-0.8784232935371609,0.22941573387056197,0.0,-1.0156218402299644,0.0,train
-0.028332591186568265,-1.1637341549030136,0.8766919587408829,-0.8784232935371609,0.22941573387056197,0.0,-0.46025788111583466,0.0,train
-2.0682791566194254,-0.7820880468369009,-0.08583843761297516,-0.8784232935371609,0.22941573387056197,0.0,-1.293303819787029,0.0,train
1.3316317857686697,-1.5168992176931926,0.611606603629769,-0.8784232935371609,0.22941573387056197,0.0,1.2058339962265543,0.0,train
-0.7083147796641873,0.35439135146581546,-0.27861629017212913,-0.8784232935371609,0.22941573387056197,0.0,-0.46025788111583466,0.0,train
-0.6233170061044849,-0.3911488261671654,-0.9404773548984109,-0.8784232935371609,0.22941573387056197,0.0,-1.1544628300084967,0.0,train
-0.2833259118656754,-0.5721197156300522,-0.32912779480902277,-0.8784232935371609,0.22941573387056197,0.0,0.09510607799829501,0.0,train
-0.5383192325447825,-0.5680614313872013,0.3470104562360108,-0.8784232935371609,0.22941573387056197,0.0,-0.3214168913373022,0.0,train
0.9066429179701578,1.3392566409437179,-0.4518988130236951,-0.8784232935371609,0.22941573387056197,0.0,0.23394706777682744,0.0,train
0.22666072949253888,1.0190430788504217,2.6328519807735304,-0.8784232935371609,0.22941573387056197,0.0,0.3727880575553599,0.0,train
-1.1333036474626992,-2.745595069817867,0.4601144651424412,-0.8784232935371609,0.22941573387056197,0.0,-0.7379398606728995,0.0,train
-1.303299194582104,0.24140712666071446,-0.8963120629775325,-0.8784232935371609,0.22941573387056197,0.0,-0.7379398606728995,0.0,train
0.056665182373134115,-1.023341658471035,0.24572328408099856,-0.8784232935371609,0.22941573387056197,0.0,-0.18257590155876982,0.0,train
0.481654050171646,1.5228842734867603,-0.4108910217392464,-0.8784232935371609,0.22941573387056197,0.0,0.9281520166694895,0.0,train
-1.303299194582104,-0.6103166807486641,-0.2007087152236999,-0.8784232935371609,0.22941573387056197,0.0,-1.9875087686796913,0.0,train
-1.3882969681418063,0.399546114867686,-1.591915410731365,-0.8784232935371609,0.22941573387056197,0.0,-1.8486677789011587,0.0,train
-0.6233170061044849,-0.19477843421785193,1.0138368126004522,-0.8784232935371609,0.22941573387056197,0.0,-1.0156218402299644,0.0,train
-0.11333036474627065,0.5980492504141953,-0.9700881756180906,-0.8784232935371609,0.22941573387056197,0.0,-1.0156218402299644,0.0,train
-1.7282880623806158,-0.7284187036705299,-0.8655331537848852,-0.8784232935371609,0.22941573387056197,0.0,-1.0156218402299644,0.0,train
-0.6233170061044849,-0.6083727110668501,0.36239875676749783,-0.8784232935371609,0.22941573387056197,0.0,-1.1544628300084967,0.0,train
-1.303299194582104,1.1376655122352914,0.4948946325301329,-0.8784232935371609,0.22941573387056197,0.0,-1.0156218402299644,0.0,train
1.4166295593283722,0.4691272696787497,-1.0447074438316835,-0.8784232935371609,0.22941573387056197,0.0,1.3446749860050868,0.0,train
0.7366473708507532,-0.26282152154417465,0.1421943435281894,-0.8784232935371609,0.22941573387056197,0.0,0.5116290473338923,0.0,train
-0.3683236854253778,0.1947292499985479,0.3169495900814778,-0.8784232935371609,0.22941573387056197,0.0,-0.8767808504514318,0.0,train
2.946589483403015,-0.3737709153751884,-0.6147583269819337,-0.8784232935371609,0.22941573387056197,0.0,2.0388799348977487,0.0,train
2.266607294925396,-1.3173263042139511,-0.565900472794462,-0.8784232935371609,0.22941573387056197,0.0,1.066993006448022,0.0,train
0.31165850305224124,-0.7710908421905387,0.8046158311650509,-0.8784232935371609,0.22941573387056197,0.0,-1.0156218402299644,0.0,train
1.3316317857686697,0.5345806458404903,1.1624871072200527,-0.8784232935371609,0.22941573387056197,0.0,1.9000389451192163,0.0,train
0.481654050171646,0.8864776756776332,0.7701333672528724,-0.8784232935371609,0.22941573387056197,0.0,-0.8767808504514318,0.0,train
1.1616362386492651,-1.5780601332590378,0.08321101855337451,-0.8784232935371609,0.22941573387056197,0.0,0.9281520166694895,0.0,train
1.2466340122089674,-0.41251895970864805,0.07189259673388325,-0.8784232935371609,0.22941573387056197,0.0,1.3446749860050868,0.0,train
0.22666072949253888,0.4458786917292297,-0.9883772119449515,-0.8784232935371609,0.22941573387056197,0.0,0.09510607799829501,0.0,train
-0.11333036474627065,0.4487571986104112,-0.9700881756180906,-0.8784232935371609,0.22941573387056197,0.0,-0.0437349117802374,0.0,train
-1.1333036474626992,1.3489882709872254,-1.591915410731365,-0.8784232935371609,0.22941573387056197,0.0,0.09510607799829501,0.0,train
0.8216451444104556,0.19011190886146614,0.1300677018900108,-0.8784232935371609,0.22941573387056197,0.0,0.5116290473338923,0.0,train
-0.3683236854253778,-0.8457630552344326,-0.31933874352280317,-0.8784232935371609,0.22941573387056197,0.0,0.23394706777682744,0.0,train
0.31165850305224124,0.5043209638762336,-0.9927826002572612,-0.8784232935371609,0.22941573387056197,0.0,0.5116290473338923,0.0,train
0.481654050171646,-1.777293504756101,-0.4108910217392464,-0.8784232935371609,0.22941573387056197,0.0,0.9281520166694895,0.0,train
-0.3683236854253778,-0.3144839499523361,-0.31933874352280317,-0.8784232935371609,0.22941573387056197,0.0,-0.7379398606728995,0.0,train
0.5666518237313484,2.298082868890924,-0.4193269102320473,-0.8784232935371609,0.22941573387056197,0.0,0.6504700371124247,0.0,train
-0.198328138305973,-0.6670331091753323,0.9143806208702302,-0.8784232935371609,0.22941573387056197,0.0,-0.18257590155876982,0.0,train
-1.6432902888209135,-0.3809050050687379,-0.8719049279686262,-0.8784232935371609,0.22941573387056197,0.0,-1.8486677789011587,0.0,train
2.0116139742462886,0.3062588332404454,-0.02348493235648146,-0.8784232935371609,0.22941573387056197,0.0,1.761197955340684,0.0,train
-1.2183014210224015,0.6324101194801444,0.47735841367919585,-0.8784232935371609,0.22941573387056197,0.0,-1.1544628300084967,0.0,train
0.5666518237313484,-0.05106311196822114,-1.0056211604817062,-0.8784232935371609,0.22941573387056197,0.0,-0.18257590155876982,0.0,train
0.39665627661194364,1.0934536484046251,-0.4023328739929267,-0.8784232935371609,0.22941573387056197,0.0,0.6504700371124247,0.0,train
0.9066429179701578,0.2885447096839445,-0.4518988130236951,-0.8784232935371609,0.22941573387056197,0.0,0.7893110268909571,0.0,train
-0.198328138305973,-0.7689923628754243,0.2878066129698314,-0.8784232935371609,0.22941573387056197,0.0,-0.0437349117802374,0.0,train
-0.198328138305973,-0.9712394071001941,-0.3387673949305675,-0.8784232935371609,0.22941573387056197,0.0,-0.18257590155876982,0.0,train
-0.6233170061044849,-1.3139158892210259,1.6652748684334064,-0.8784232935371609,0.22941573387056197,0.0,0.3727880575553599,0.0,train
0.056665182373134115,0.1319262886712736,-0.36682294752312267,-0.8784232935371609,0.22941573387056197,0.0,0.6504700371124247,0.0,train
-2.23827470373883,1.9900309782864594,-0.05768746615281854,-0.8784232935371609,0.22941573387056197,0.0,-1.7098267891226264,0.0,train
0.9066429179701578,1.1963233246797271,-1.591915410731365,-0.8784232935371609,0.22941573387056197,0.0,0.6504700371124247,0.0,train
0.14166295593283648,0.4855088469186543,0.23211114560090715,-0.8784232935371609,0.22941573387056197,0.0,-0.46025788111583466,0.0,train
-0.3683236854253778,0.24225581532729906,-0.31933874352280317,-0.8784232935371609,0.22941573387056197,0.0,-1.0156218402299644,0.0,train
-0.9633081003432944,-0.5339325784448337,2.444864672954811,-0.8784232935371609,0.22941573387056197,0.0,-0.8767808504514318,0.0,train
-0.6233170061044849,-0.6344395772548125,-0.2890392990654565,-0.8784232935371609,0.22941573387056197,0.0,-0.5990988708943671,0.0,train
1.7566206535671816,0.7234071796272129,-0.5259258648228943,-0.8784232935371609,0.22941573387056197,0.0,0.5116290473338923,0.0,train
-0.2833259118656754,0.6742775168651179,0.9336598211133196,-0.8784232935371609,0.22941573387056197,0.0,0.7893110268909571,0.0,train
1.3316317857686697,0.3523575060996755,-0.4901544035507981,-0.8784232935371609,0.22941573387056197,0.0,0.7893110268909571,0.0,train
0.5666518237313484,0.07562185770527328,0.7532615902672705,-0.8784232935371609,0.22941573387056197,0.0,0.6504700371124247,0.0,train
-1.3882969681418063,0.17497003694062857,0.512730615805872,-0.8784232935371609,0.22941573387056197,0.0,-0.7379398606728995,0.0,train
-1.7282880623806158,2.2459722045381776,-1.591915410731365,-0.8784232935371609,0.22941573387056197,0.0,-1.0156218402299644,0.0,train
0.14166295593283648,0.17085280884529686,0.8401199977116646,-0.8784232935371609,0.22941573387056197,0.0,-0.18257590155876982,0.0,train
1.7566206535671816,-0.030162224715691865,1.0730584540398116,-0.8784232935371609,0.22941573387056197,0.0,2.4554029042333463,0.0,train
-0.028332591186568265,0.3805218756848894,-0.35761172599524116,-0.8784232935371609,0.22941573387056197,0.0,-1.1544628300084967,0.0,train
0.481654050171646,0.3729416586336408,-1.0014032162353057,-0.8784232935371609,0.22941573387056197,0.0,0.3727880575553599,0.0,train
0.7366473708507532,0.6022312969357704,0.7202309282813744,-0.8784232935371609,0.22941573387056197,0.0,1.066993006448022,0.0,train
-0.9633081003432944,0.8552177265359393,-0.2463220495026397,-0.8784232935371609,0.22941573387056197,0.0,-0.46025788111583466,0.0,train
-0.198328138305973,0.7687537585029844,0.2878066129698314,-0.8784232935371609,0.22941573387056197,0.0,-0.7379398606728995,0.0,train
-0.2833259118656754,1.683185546952426,-0.9605216027701939,-0.8784232935371609,0.22941573387056197,0.0,0.3727880575553599,0.0,train
-0.7933125532238897,1.8182843577021743,0.39391995301747956,-0.8784232935371609,0.22941573387056197,0.0,-1.4321448095655616,0.0,train
0.14166295593283648,-0.2930215565618175,-0.3758977065098503,-0.8784232935371609,0.22941573387056197,0.0,-0.0437349117802374,0.0,train
1.586625106447777,-0.14177580630232858,-0.5118996865872567,-0.8784232935371609,0.22941573387056197,0.0,0.7893110268909571,0.0,train
-0.6233170061044849,0.7019217626480462,1.6652748684334064,-0.8784232935371609,0.22941573387056197,0.0,0.3727880575553599,0.0,train
0.14166295593283648,0.5941787157378023,-0.9839065586206077,-0.8784232935371609,0.22941573387056197,0.0,1.066993006448022,0.0,train
0.9916406915298602,-0.21388215132295804,0.6723934178190417,-0.8784232935371609,0.22941573387056197,0.0,-0.0437349117802374,0.0,train
-0.6233170061044849,-0.5979459645916676,1.0138368126004522,-0.8784232935371609,0.22941573387056197,0.0,0.09510607799829501,0.0,train
-1.1333036474626992,1.3946052868161611,-0.9079054521067631,-0.8784232935371609,0.22941573387056197,0.0,-0.7379398606728995,0.0,train
1.841618427126884,-0.5913535700460666,-0.0032471197322892775,-0.8784232935371609,0.22941573387056197,0.0,0.9281520166694895,0.0,train
-0.45332145898508014,-0.7866863675838787,0.9731219341108927,-0.8784232935371609,0.22941573387056197,0.0,0.3727880575553599,0.0,train
-1.1333036474626992,-0.8661740176657965,-0.9079054521067631,-0.8784232935371609,0.22941573387056197,0.0,-0.7379398606728995,0.0,train
1.1616362386492651,0.7351880490212536,0.6415864949816211,-0.8784232935371609,0.22941573387056197,0.0,1.066993006448022,0.0,train
0.22666072949253888,-1.6117170575429107,1.425775583200703,-0.8784232935371609,0.22941573387056197,0.0,1.066993006448022,0.0,train
-0.5383192325447825,0.323302241692186,-1.591915410731365,-0.8784232935371609,0.22941573387056197,0.0,-0.0437349117802374,0.0,train
0.14166295593283648,-0.5314464926277078,2.664146554043936,-0.8784232935371609,0.22941573387056197,0.0,0.6504700371124247,0.0,train
1.1616362386492651,-2.181321893609024,-1.0335399343031186,-0.8784232935371609,0.22941573387056197,0.0,1.066993006448022,0.0,train
-1.558292515261211,-1.4465017929504016,0.5493331553978239,-0.8784232935371609,0.22941573387056197,0.0,-1.0156218402299644,0.0,train
0.7366473708507532,-0.8487753023327296,0.7202309282813744,-0.8784232935371609,0.22941573387056197,0.0,1.3446749860050868,0.0,train
0.39665627661194364,-0.6979067297124619,-0.4023328739929267,-0.8784232935371609,0.22941573387056197,0.0,0.09510607799829501,0.0,train
-0.3683236854253778,-0.2737468939562681,-0.9556270771270842,-0.8784232935371609,0.22941573387056197,0.0,-0.5990988708943671,0.0,train
1.1616362386492651,-1.42314847134201,3.991839353551102,-0.8784232935371609,0.22941573387056197,0.0,0.09510607799829501,0.0,train
0.39665627661194364,1.0061863137753595,0.7872496627455117,-0.8784232935371609,0.22941573387056197,0.0,0.09510607799829501,0.0,train
0.31165850305224124,0.2837610274887472,0.20548302069094698,-0.8784232935371609,0.22941573387056197,0.0,0.7893110268909571,0.0,train
1.2466340122089674,0.29466807487179664,-1.0373127415762824,-0.8784232935371609,0.22941573387056197,0.0,0.3727880575553599,0.0,train
-0.198328138305973,-0.3912416852324638,0.2878066129698314,-0.8784232935371609,0.22941573387056197,0.0,-0.0437349117802374,0.0,train
-0.6233170061044849,-0.09572434270359353,1.0138368126004522,-0.8784232935371609,0.22941573387056197,0.0,-1.1544628300084967,0.0,train
1.841618427126884,-0.286219879649687,1.5854211712667867,-0.8784232935371609,0.22941573387056197,0.0,1.761197955340684,0.0,train
-0.028332591186568265,-0.9678210763955939,2.7281474858450694,-0.8784232935371609,0.22941573387056197,0.0,0.7893110268909571,0.0,train
0.6516495972910508,1.695716414279315,1.3187652642669419,-0.8784232935371609,0.22941573387056197,0.0,0.3727880575553599,0.0,train
0.9066429179701578,-0.23148927076589956,-1.0219071118775302,-0.8784232935371609,0.22941573387056197,0.0,0.5116290473338923,0.0,train
-0.5383192325447825,0.687088963200405,-0.9456067884089066,-0.8784232935371609,0.22941573387056197,0.0,-0.8767808504514318,0.0,train
2.351605068485098,-1.0104824555663674,-0.5722732363841323,-0.8784232935371609,0.22941573387056197,0.0,1.4835159757836192,0.0,train
-0.028332591186568265,0.7114338822394414,-0.35761172599524116,-0.8784232935371609,0.22941573387056197,0.0,-0.46025788111583466,0.0,train
-1.558292515261211,-1.2142120149554148,0.5493331553978239,-0.8784232935371609,0.22941573387056197,0.0,-1.1544628300084967,0.0,train
-0.6233170061044849,0.9556392602108756,-0.9404773548984109,-0.8784232935371609,0.22941573387056197,0.0,-0.7379398606728995,0.0,train
0.481654050171646,-0.8463125658818571,-0.4108910217392464,-0.8784232935371609,0.22941573387056197,0.0,0.3727880575553599,0.0,train
-0.9633081003432944,-1.5569502449035457,-0.2463220495026397,-0.8784232935371609,0.22941573387056197,0.0,-1.0156218402299644,0.0,train
0.14166295593283648,-0.7358107235413316,1.4481288498224218,-0.8784232935371609,0.22941573387056197,0.0,1.6223569655621515,0.0,train
-0.45332145898508014,-0.006635396909112512,2.2556406065320216,-0.8784232935371609,0.22941573387056197,0.0,-0.7379398606728995,0.0,train
-1.2183014210224015,-1.1579235841118847,1.8568742966195702,-0.8784232935371609,0.22941573387056197,0.0,-0.5990988708943671,0.0,train
-0.2833259118656754,2.1598482723526096,0.3022660131521484,-0.8784232935371609,0.22941573387056197,0.0,0.09510607799829501,0.0,train
1.0766384650895626,0.8113073792084913,1.2190844192327528,-0.8784232935371609,0.22941573387056197,0.0,0.6504700371124247,0.0,train
-1.048305873902997,0.5571824362335653,-0.23520144321149322,-0.8784232935371609,0.22941573387056197,0.0,-1.7098267891226264,0.0,train
0.22666072949253888,-0.32531721116698054,-0.38483901315853797,-0.8784232935371609,0.22941573387056197,0.0,0.23394706777682744,0.0,train
-0.198328138305973,0.5581493984011556,-1.591915410731365,-0.8784232935371609,0.22941573387056197,0.0,-0.3214168913373022,0.0,train
2.0116139742462886,-0.2571839508071183,-0.546295091814776,-0.8784232935371609,0.22941573387056197,0.0,2.5942438940118784,0.0,train
-0.7933125532238897,-1.4661407819810515,0.39391995301747956,-0.8784232935371609,0.22941573387056197,0.0,-1.8486677789011587,0.0,train
0.31165850305224124,-0.368329219222084,-1.591915410731365,-0.8784232935371609,0.22941573387056197,0.0,0.9281520166694895,0.0,train
1.2466340122089674,-1.3016809006769439,1.7357006041991316,-0.8784232935371609,-4.358898943540673,0.0,0.3727880575553599,0.0,train
-1.4732947417015088,0.2508451299356684,-0.884318901809363,-0.8784232935371609,-4.358898943540673,0.0,-1.1544628300084967,0.0,train
0.056665182373134115,-0.4661332143755202,0.8582695156851199,-0.8784232935371609,-4.358898943540673,0.0,0.09510607799829501,0.0,train
-0.5383192325447825,1.7301741125486205,-0.2992981660864479,-0.8784232935371609,0.22941573387056197,0.0,-1.5709857993440939,0.0,train
-0.5383192325447825,0.4353692412089359,-0.2992981660864479,-0.8784232935371609,0.22941573387056197,0.0,0.5116290473338923,0.0,train
0.5666518237313484,-1.7902444240290547,-0.4193269102320473,-0.8784232935371609,0.22941573387056197,0.0,1.2058339962265543,0.0,train
0.7366473708507532,-0.6714471844625104,0.7202309282813744,-0.8784232935371609,0.22941573387056197,0.0,0.9281520166694895,0.0,train
-0.198328138305973,-0.13216489304371346,0.2878066129698314,-0.8784232935371609,0.22941573387056197,0.0,-1.0156218402299644,0.0,train
-0.7933125532238897,1.6770187602964484,0.39391995301747956,-0.8784232935371609,0.22941573387056197,0.0,-0.46025788111583466,0.0,train
-2.408270250858235,1.205881175615311,-0.8101897437318198,-0.8784232935371609,0.22941573387056197,0.0,-2.265190748236756,0.0,train
1.841618427126884,-2.9321245190590144,-1.0623593137316734,-0.8784232935371609,0.22941573387056197,0.0,0.6504700371124247,0.0,train
0.7366473708507532,0.19668960128474644,-1.591915410731365,-0.8784232935371609,0.22941573387056197,0.0,0.5116290473338923,0.0,train
-0.2833259118656754,0.7416503402432383,-0.9605216027701939,-0.8784232935371609,0.22941573387056197,0.0,-0.46025788111583466,0.0,train
0.6516495972910508,0.7981288347346795,-0.4276431407320425,-0.8784232935371609,0.22941573387056197,0.0,0.5116290473338923,0.0,train
0.056665182373134115,-0.6965331868607613,0.24572328408099856,-0.8784232935371609,0.22941573387056197,0.0,0.5116290473338923,0.0,train
0.8216451444104556,1.6125972024585362,0.1300677018900108,-0.8784232935371609,0.22941573387056197,0.0,0.6504700371124247,0.0,train
0.8216451444104556,0.17173750248561684,0.1300677018900108,-0.8784232935371609,0.22941573387056197,0.0,0.5116290473338923,0.0,train
-0.3683236854253778,0.6801791672850626,-0.31933874352280317,-0.8784232935371609,0.22941573387056197,0.0,-0.3214168913373022,0.0,train
1.0766384650895626,0.025444925695241972,0.6568844532399293,-0.8784232935371609,0.22941573387056197,0.0,0.7893110268909571,0.0,train
-0.878310326783592,0.0535985346625707,-0.9245886218293143,-0.8784232935371609,0.22941573387056197,0.0,-0.46025788111583466,0.0,train
0.5666518237313484,-0.20902832106726923,0.7532615902672705,-0.8784232935371609,0.22941573387056197,0.0,0.09510607799829501,0.0,train
0.481654050171646,1.2834441673803538,1.3606455617489315,-0.8784232935371609,0.22941573387056197,0.0,0.23394706777682744,0.0,train
0.6516495972910508,-0.26251531202827283,1.3187652642669419,-0.8784232935371609,0.22941573387056197,0.0,0.09510607799829501,0.0,train
0.6516495972910508,-0.8945536249602226,1.9009013992666028,-0.8784232935371609,0.22941573387056197,0.0,1.066993006448022,0.0,train
-0.5383192325447825,-0.42840870891247596,0.9933190785584695,-0.8784232935371609,0.22941573387056197,0.0,-1.0156218402299644,0.0,train
0.056665182373134115,0.14499862753568155,-0.9793691791272439,-0.8784232935371609,0.22941573387056197,0.0,0.23394706777682744,0.0,train
0.14166295593283648,-0.4260205004897309,0.8401199977116646,-0.8784232935371609,0.22941573387056197,0.0,0.6504700371124247,0.0,train
-0.6233170061044849,0.35610133788774656,-0.2890392990654565,-0.8784232935371609,0.22941573387056197,0.0,-0.7379398606728995,0.0,train
-0.028332591186568265,0.4480213397084554,0.2595401163728208,-0.8784232935371609,0.22941573387056197,0.0,-0.0437349117802374,0.0,train
-0.45332145898508014,-0.6036480915702822,-0.30939673831023623,-0.8784232935371609,0.22941573387056197,0.0,-1.0156218402299644,0.0,train
2.351605068485098,-0.7616005505717424,-0.062452149210515735,-0.8784232935371609,0.22941573387056197,0.0,1.9000389451192163,0.0,train
-0.3683236854253778,-0.24658885662555402,2.2258145908943208,-0.8784232935371609,0.22941573387056197,0.0,-0.18257590155876982,0.0,train
0.7366473708507532,-0.3800122777018856,0.7202309282813744,-0.8784232935371609,0.22941573387056197,0.0,-0.0437349117802374,0.0,train
-0.9633081003432944,0.35986180382961735,-0.2463220495026397,-0.8784232935371609,0.22941573387056197,0.0,-0.0437349117802374,0.0,train
-0.028332591186568265,-0.7719079978881678,-0.9747635683633031,-0.8784232935371609,0.22941573387056197,0.0,-0.5990988708943671,0.0,train
0.056665182373134115,1.4767431493475383,0.24572328408099856,-0.8784232935371609,0.22941573387056197,0.0,0.23394706777682744,0.0,train
0.7366473708507532,1.9098334182744496,0.7202309282813744,-0.8784232935371609,0.22941573387056197,0.0,0.6504700371124247,0.0,train
-1.2183014210224015,-0.9831222461455503,-0.21239952779099128,-0.8784232935371609,0.22941573387056197,0.0,-1.293303819787029,0.0,train
0.14166295593283648,-0.22652208459785772,-0.3758977065098503,-0.8784232935371609,0.22941573387056197,0.0,-0.0437349117802374,0.0,train
2.691596162723908,-0.8421214093196284,1.3928553178123528,-0.8784232935371609,-4.358898943540673,0.0,1.6223569655621515,0.0,train
-0.028332591186568265,0.36405859177670585,-0.35761172599524116,-0.8784232935371609,-4.358898943540673,0.0,0.23394706777682744,0.0,train
-0.198328138305973,-1.6030524874056684,0.2878066129698314,-0.8784232935371609,-4.358898943540673,0.0,-0.5990988708943671,0.0,train
-0.198328138305973,-0.8893377115050364,-1.591915410731365,-0.8784232935371609,0.22941573387056197,0.0,-1.4321448095655616,0.0,train
-1.1333036474626992,-0.5413808649637852,0.4601144651424412,-0.8784232935371609,0.22941573387056197,0.0,-0.0437349117802374,0.0,train
-0.2833259118656754,0.07971235055323313,-0.32912779480902277,-0.8784232935371609,0.22941573387056197,0.0,-0.7379398606728995,0.0,train
-0.45332145898508014,-0.2358609014495043,-0.9506560745208007,-0.8784232935371609,0.22941573387056197,0.0,-0.3214168913373022,0.0,train
-1.048305873902997,1.2810226874034192,1.1215125243083788,-0.8784232935371609,0.22941573387056197,0.0,-1.7098267891226264,0.0,train
0.22666072949253888,0.6970406141755959,-0.38483901315853797,-0.8784232935371609,0.22941573387056197,0.0,0.09510607799829501,0.0,train
-1.4732947417015088,-0.17952781940213813,-0.884318901809363,-0.8784232935371609,0.22941573387056197,0.0,-0.0437349117802374,0.0,train
-0.11333036474627065,-0.432065907031904,-0.9700881756180906,-0.8784232935371609,0.22941573387056197,0.0,-0.18257590155876982,0.0,train
-1.8982836095000206,0.9545120443757182,-0.8524451851912548,-0.8784232935371609,0.22941573387056197,0.0,-1.9875087686796913,0.0,train
-0.45332145898508014,-1.9345245283794228,-0.9506560745208007,-0.8784232935371609,0.22941573387056197,0.0,-0.46025788111583466,0.0,train
-1.558292515261211,-0.231740494911041,-0.16441636664523906,-0.8784232935371609,0.22941573387056197,0.0,-0.7379398606728995,0.0,train
-0.028332591186568265,0.26033990315512734,-0.35761172599524116,-0.8784232935371609,0.22941573387056197,0.0,-0.7379398606728995,0.0,train
2.096611747805991,0.34118713090425445,-1.0724141763329333,-0.8784232935371609,0.22941573387056197,0.0,2.8719258735689435,0.0,train
-0.7083147796641873,1.7750147052168,1.034682830387107,-0.8784232935371609,0.22941573387056197,0.0,-0.0437349117802374,0.0,train
0.31165850305224124,-2.99427107056006,-0.3936497897831572,-0.8784232935371609,0.22941573387056197,0.0,0.23394706777682744,0.0,train
1.5016273328880745,-0.029032294333071588,1.1260049546644049,-0.8784232935371609,0.22941573387056197,0.0,1.6223569655621515,0.0,train
0.9066429179701578,0.9454297376205897,0.11810948583013996,-0.8784232935371609,0.22941573387056197,0.0,0.7893110268909571,0.0,train
0.5666518237313484,0.5901817962556504,-1.591915410731365,-0.8784232935371609,0.22941573387056197,0.0,0.09510607799829501,0.0,train
0.22666072949253888,1.0367532144075333,0.8222373844142893,-0.8784232935371609,0.22941573387056197,0.0,-0.3214168913373022,0.0,train
-0.7933125532238897,0.8894630547595033,-0.26802516823213535,-0.8784232935371609,0.22941573387056197,0.0,0.23394706777682744,0.0,train
0.9066429179701578,-1.609123148799695,-0.4518988130236951,-0.8784232935371609,0.22941573387056197,0.0,-0.5990988708943671,0.0,train
-1.8132858359403181,-0.7067751309264064,-0.12617978510721792,-0.8784232935371609,-4.358898943540673,0.0,-1.293303819787029,0.0,train
-2.0682791566194254,1.660640375092643,1.4202385355054148,-0.8784232935371609,-4.358898943540673,0.0,-1.5709857993440939,0.0,train
-0.6233170061044849,-0.4797761712062351,0.36239875676749783,-0.8784232935371609,-4.358898943540673,0.0,-0.8767808504514318,0.0,train
2.521600615604503,-0.2536074598314194,-1.591915410731365,-0.8784232935371609,0.22941573387056197,0.0,0.9281520166694895,0.0,train
0.31165850305224124,-1.8499166179988946,0.8046158311650509,-0.8784232935371609,0.22941573387056197,0.0,1.2058339962265543,0.0,train
-2.8332591186567466,1.8266896607478202,0.8705204403172023,-0.8784232935371609,0.22941573387056197,0.0,-3.237077676686483,0.0,train
-0.9633081003432944,-1.3774734613142985,1.772067992340448,-0.8784232935371609,0.22941573387056197,0.0,-1.293303819787029,0.0,train
-1.6432902888209135,-1.233703111512803,-1.591915410731365,-0.8784232935371609,0.22941573387056197,0.0,-2.1263497584582236,0.0,train
1.2466340122089674,-0.05004861771658386,0.07189259673388325,-0.8784232935371609,0.22941573387056197,0.0,0.23394706777682744,0.0,train
0.14166295593283648,0.09948752185958648,-0.9839065586206077,-0.8784232935371609,0.22941573387056197,0.0,-0.0437349117802374,0.0,train
0.39665627661194364,0.9744527375465378,-0.4023328739929267,-0.8784232935371609,0.22941573387056197,0.0,-0.18257590155876982,0.0,train
0.6516495972910508,0.5108386924928854,-0.4276431407320425,-0.8784232935371609,0.22941573387056197,0.0,0.6504700371124247,0.0,train
-0.2833259118656754,-1.2576381935023975,-0.9605216027701939,-0.8784232935371609,0.22941573387056197,0.0,-0.46025788111583466,0.0,train
0.14166295593283648,-1.6457181326091312,-0.9839065586206077,-0.8784232935371609,0.22941573387056197,0.0,-0.46025788111583466,0.0,train
-0.028332591186568265,-1.9654960812316962,0.2595401163728208,-0.8784232935371609,0.22941573387056197,0.0,-1.1544628300084967,0.0,train
-0.2833259118656754,0.06623778587760658,1.5650536290744907,-0.8784232935371609,0.22941573387056197,0.0,-0.18257590155876982,0.0,train
0.9916406915298602,-0.25465432547075284,2.370625039231847,-0.8784232935371609,0.22941573387056197,0.0,1.066993006448022,0.0,train
-1.558292515261211,1.003964963439342,0.5493331553978239,-0.8784232935371609,0.22941573387056197,0.0,-1.0156218402299644,0.0,train
0.9066429179701578,0.3463262630672599,-1.0219071118775302,-0.8784232935371609,0.22941573387056197,0.0,1.066993006448022,0.0,train
-0.3683236854253778,0.4476384726408269,-0.31933874352280317,-0.8784232935371609,0.22941573387056197,0.0,-0.18257590155876982,0.0,train
1.0766384650895626,0.7993094791548543,-1.591915410731365,-0.8784232935371609,0.22941573387056197,0.0,0.6504700371124247,0.0,train
-1.7282880623806158,1.778983143379677,-0.139150896838405,-0.8784232935371609,0.22941573387056197,0.0,-1.293303819787029,0.0,train
0.6516495972910508,-0.2283510788968166,0.15449299426761884,-0.8784232935371609,0.22941573387056197,0.0,0.3727880575553599,0.0,train
-0.7933125532238897,-0.6997749160549654,0.39391995301747956,-0.8784232935371609,0.22941573387056197,0.0,0.09510607799829501,0.0,train
-1.6432902888209135,-2.009672559718668,2.00813700308233,-0.8784232935371609,-4.358898943540673,0.0,-1.7098267891226264,0.0,train
-2.23827470373883,-1.0795252270249698,-0.05768746615281854,-0.8784232935371609,-4.358898943540673,0.0,-2.4040317380152882,0.0,train
-0.11333036474627065,0.4935448141515489,1.517220764835008,-0.8784232935371609,-4.358898943540673,0.0,0.5116290473338923,0.0,train
0.22666072949253888,-0.05161511619337838,0.21869918562787577,-0.8784232935371609,0.22941573387056197,0.0,0.3727880575553599,0.0,train
-0.3683236854253778,-0.7591968112427827,-0.9556270771270842,-0.8784232935371609,0.22941573387056197,0.0,-0.7379398606728995,0.0,train
-0.11333036474627065,0.4504159991860135,-0.3482609405048159,-0.8784232935371609,0.22941573387056197,0.0,0.09510607799829501,0.0,train
0.22666072949253888,-0.5378388378523654,-0.9883772119449515,-0.8784232935371609,0.22941573387056197,0.0,-0.18257590155876982,0.0,train
0.7366473708507532,-1.1325002909250843,-0.43584224122499543,-0.8784232935371609,0.22941573387056197,0.0,0.23394706777682744,0.0,train
0.22666072949253888,0.6970406141755959,0.21869918562787577,-0.8784232935371609,0.22941573387056197,0.0,0.5116290473338923,0.0,train
-0.6233170061044849,2.0348075203925107,-0.2890392990654565,-0.8784232935371609,0.22941573387056197,0.0,-0.46025788111583466,0.0,train
1.5016273328880745,0.3436375780283382,0.03883680850609684,-0.8784232935371609,0.22941573387056197,0.0,0.5116290473338923,0.0,train
0.39665627661194364,0.609516610915064,0.19245839437629242,-0.8784232935371609,0.22941573387056197,0.0,0.3727880575553599,0.0,train
-0.028332591186568265,-2.3968341196261873,-0.35761172599524116,-0.8784232935371609,0.22941573387056197,0.0,-1.1544628300084967,0.0,train
-0.198328138305973,-0.19066610418310828,0.2878066129698314,-0.8784232935371609,0.22941573387056197,0.0,0.5116290473338923,0.0,train
-0.3683236854253778,0.6343499792894806,0.3169495900814778,-0.8784232935371609,0.22941573387056197,0.0,-0.46025788111583466,0.0,train
-0.9633081003432944,1.6144045211184594,-0.2463220495026397,-0.8784232935371609,0.22941573387056197,0.0,-0.5990988708943671,0.0,train
-1.1333036474626992,0.29067350375596157,-0.223895493482161,-0.8784232935371609,0.22941573387056197,0.0,-1.4321448095655616,0.0,train
0.8216451444104556,2.4011654760887775,-1.591915410731365,-0.8784232935371609,0.22941573387056197,0.0,0.9281520166694895,0.0,train
-0.11333036474627065,0.815352125817481,-0.3482609405048159,-0.8784232935371609,0.22941573387056197,0.0,-0.5990988708943671,0.0,train
-0.5383192325447825,-0.48185604714354185,-0.9456067884089066,-0.8784232935371609,0.22941573387056197,0.0,-1.0156218402299644,0.0,train
0.31165850305224124,-1.8115583681923766,-0.9927826002572612,-0.8784232935371609,0.22941573387056197,0.0,0.7893110268909571,0.0,train
-0.028332591186568265,1.0785651133920058,0.2595401163728208,-0.8784232935371609,0.22941573387056197,0.0,2.0388799348977487,0.0,train
-1.6432902888209135,-0.5441659038249231,-0.15189444520588716,-0.8784232935371609,0.22941573387056197,0.0,-2.1263497584582236,0.0,train
-0.9633081003432944,0.24858619800428658,1.772067992340448,-0.8784232935371609,0.22941573387056197,0.0,-1.293303819787029,0.0,train
0.7366473708507532,-0.99063779662891,-1.591915410731365,-0.8784232935371609,0.22941573387056197,0.0,0.23394706777682744,0.0,train
-0.198328138305973,0.5464491561732804,2.1675286366710282,-0.8784232935371609,0.22941573387056197,0.0,-0.18257590155876982,0.0,train
1.5016273328880745,0.1232258247250931,-0.5047472645730572,-0.8784232935371609,0.22941573387056197,0.0,1.3446749860050868,0.0,train
0.6516495972910508,1.722116048971807,0.7366291292672802,-0.8784232935371609,0.22941573387056197,0.0,0.9281520166694895,0.0,train
0.056665182373134115,-1.1834778095600655,-0.36682294752312267,-0.8784232935371609,0.22941573387056197,0.0,1.066993006448022,0.0,train
0.056665182373134115,-0.542933205203938,0.8582695156851199,-0.8784232935371609,0.22941573387056197,0.0,0.3727880575553599,0.0,train
0.481654050171646,0.9683913961877187,-1.0014032162353057,-0.8784232935371609,0.22941573387056197,0.0,-0.8767808504514318,0.0,train
0.9916406915298602,0.41431134665783337,-0.45976099645616175,-0.8784232935371609,0.22941573387056197,0.0,1.4835159757836192,0.0,train
-1.048305873902997,-0.5882947612427365,-0.23520144321149322,-0.8784232935371609,0.22941573387056197,0.0,-0.46025788111583466,0.0,train
-0.878310326783592,-1.5806032421554257,1.0773917448768384,-0.8784232935371609,0.22941573387056197,0.0,-1.0156218402299644,0.0,train
-0.5383192325447825,0.7905354242927914,-0.2992981660864479,-0.8784232935371609,0.22941573387056197,0.0,0.09510607799829501,0.0,train
1.5016273328880745,1.5602524531692799,-1.0483313376522112,-0.8784232935371609,0.22941573387056197,0.0,1.2058339962265543,0.0,train
0.481654050171646,0.2217163284611767,0.179621172756813,-0.8784232935371609,0.22941573387056197,0.0,0.7893110268909571,0.0,train
-1.4732947417015088,-0.9949713023579723,-0.17672239288736086,-0.8784232935371609,0.22941573387056197,0.0,-0.0437349117802374,0.0,train
0.22666072949253888,1.3072352847343902,-1.591915410731365,-0.8784232935371609,0.22941573387056197,0.0,0.6504700371124247,0.0,train
0.8216451444104556,0.8515905383920721,2.4260451853851785,-0.8784232935371609,0.22941573387056197,0.0,0.7893110268909571,0.0,train
-0.028332591186568265,-1.6000111784699576,2.1109956434770067,-0.8784232935371609,0.22941573387056197,0.0,-0.0437349117802374,0.0,train
0.9066429179701578,-0.622275039700433,0.11810948583013996,-0.8784232935371609,0.22941573387056197,0.0,0.9281520166694895,0.0,train
0.056665182373134115,-0.6638523396997382,0.8582695156851199,-0.8784232935371609,0.22941573387056197,0.0,0.09510607799829501,0.0,train
-0.7933125532238897,-0.5708700584222357,-0.26802516823213535,-0.8784232935371609,0.22941573387056197,0.0,-0.8767808504514318,0.0,train
0.39665627661194364,0.7951580318536831,-0.4023328739929267,-0.8784232935371609,0.22941573387056197,0.0,-0.3214168913373022,0.0,train
1.7566206535671816,0.9836018984852372,1.0730584540398116,-0.8784232935371609,0.22941573387056197,0.0,-0.0437349117802374,0.0,train
1.2466340122089674,-0.09591221200945621,-0.48271007242119957,-0.8784232935371609,0.22941573387056197,0.0,0.7893110268909571,0.0,train
-0.878310326783592,0.9739496442648591,0.41006495597478737,-0.8784232935371609,0.22941573387056197,0.0,-1.7098267891226264,0.0,train
-0.3683236854253778,1.2471031965637194,1.58952625729004,-0.8784232935371609,0.22941573387056197,0.0,0.09510607799829501,0.0,train
0.481654050171646,0.6974460129620547,2.5416699507410505,-0.8784232935371609,0.22941573387056197,0.0,-0.18257590155876982,0.0,train
-0.3683236854253778,-0.7490125472437611,0.3169495900814778,-0.8784232935371609,0.22941573387056197,0.0,-0.5990988708943671,0.0,train
1.841618427126884,-0.25937941614259774,-1.0623593137316734,-0.8784232935371609,-4.358898943540673,0.0,0.6504700371124247,0.0,train
0.7366473708507532,0.4495749172040205,1.2982675130345593,-0.8784232935371609,-4.358898943540673,0.0,0.3727880575553599,0.0,train
-0.198328138305973,0.5798784196815042,-0.3387673949305675,-0.8784232935371609,-4.358898943540673,0.0,-0.0437349117802374,0.0,train
1.3316317857686697,0.3200275942101815,1.1624871072200527,-0.8784232935371609,0.22941573387056197,0.0,0.9281520166694895,0.0,train
-1.303299194582104,1.3918837292616166,-0.8963120629775325,-0.8784232935371609,0.22941573387056197,0.0,-1.1544628300084967,0.0,train
-0.7083147796641873,0.41219723392424246,0.3780332701074889,-0.8784232935371609,0.22941573387056197,0.0,-1.4321448095655616,0.0,train
0.5666518237313484,-1.794936459942888,-1.0056211604817062,-0.8784232935371609,0.22941573387056197,0.0,0.7893110268909571,0.0,train
-1.1333036474626992,-2.026670900353866,-0.223895493482161,-0.8784232935371609,0.22941573387056197,0.0,-0.7379398606728995,0.0,train
-0.878310326783592,-0.872093103622137,0.41006495597478737,-0.8784232935371609,0.22941573387056197,0.0,-0.8767808504514318,0.0,train
-0.878310326783592,-2.66117021223007,0.41006495597478737,-0.8784232935371609,0.22941573387056197,0.0,-0.5990988708943671,0.0,train
-0.028332591186568265,-1.9226915430704115,0.2595401163728208,-0.8784232935371609,0.22941573387056197,0.0,0.09510607799829501,0.0,train
0.22666072949253888,-0.317267149550111,0.21869918562787577,-0.8784232935371609,0.22941573387056197,0.0,0.9281520166694895,0.0,train
0.39665627661194364,0.6523569388239795,-0.4023328739929267,-0.8784232935371609,0.22941573387056197,0.0,-0.5990988708943671,0.0,train
-0.7933125532238897,-0.6044206378060972,-1.591915410731365,-0.8784232935371609,0.22941573387056197,0.0,-1.0156218402299644,0.0,train
-0.5383192325447825,0.4974371178643653,-1.591915410731365,-0.8784232935371609,0.22941573387056197,0.0,-0.7379398606728995,0.0,train
0.39665627661194364,0.6460102235782151,-0.9971241423621459,-0.8784232935371609,0.22941573387056197,0.0,0.09510607799829501,0.0,train
0.9916406915298602,-1.5518134955801244,-0.45976099645616175,-0.8784232935371609,0.22941573387056197,0.0,0.3727880575553599,0.0,train
0.14166295593283648,0.5617399489261152,-0.9839065586206077,-0.8784232935371609,0.22941573387056197,0.0,-0.0437349117802374,0.0,train
-0.7933125532238897,-0.3413134626379214,0.39391995301747956,-0.8784232935371609,0.22941573387056197,0.0,-1.8486677789011587,0.0,train
-0.2833259118656754,-0.284100895688603,0.9336598211133196,-0.8784232935371609,0.22941573387056197,0.0,-0.5990988708943671,0.0,train
1.0766384650895626,0.22341027658025892,0.09468448724710564,-0.8784232935371609,0.22941573387056197,0.0,1.9000389451192163,0.0,train
-0.878310326783592,-1.2975552219876052,0.41006495597478737,-0.8784232935371609,0.22941573387056197,0.0,-0.7379398606728995,0.0,train
0.056665182373134115,-0.9252991169879536,0.24572328408099856,-0.8784232935371609,0.22941573387056197,0.0,-0.3214168913373022,0.0,train
1.3316317857686697,1.4883130465807242,-0.4901544035507981,-0.8784232935371609,0.22941573387056197,0.0,1.2058339962265543,0.0,train
-0.7083147796641873,-1.4410943915610122,-0.9352658504517471,-0.8784232935371609,0.22941573387056197,0.0,-0.8767808504514318,0.0,train
1.3316317857686697,0.8975573838725995,-0.4901544035507981,-0.8784232935371609,0.22941573387056197,0.0,1.6223569655621515,0.0,train
-0.198328138305973,0.09849702516304974,1.5409546287706293,-0.8784232935371609,0.22941573387056197,0.0,-0.18257590155876982,0.0,train
-0.6233170061044849,-0.27993019709852746,-0.2890392990654565,-0.8784232935371609,0.22941573387056197,0.0,-1.1544628300084967,0.0,train
-0.878310326783592,-0.1368803216767827,-0.9245886218293143,-0.8784232935371609,0.22941573387056197,0.0,-1.1544628300084967,0.0,train
2.6065983891642053,1.1733293817415635,-0.5909252273782889,-0.8784232935371609,0.22941573387056197,0.0,0.7893110268909571,0.0,train
-0.3683236854253778,-0.31787870461867457,-0.31933874352280317,0.850061686313714,0.22941573387056197,0.0,-0.5990988708943671,0.0,train
0.14166295593283648,-1.1607585687744226,0.8401199977116646,0.9168630381920085,0.22941573387056197,0.0,0.23394706777682744,0.0,train
-0.9633081003432944,-0.41009359776825477,1.099271311726086,1.1876275341249325,0.22941573387056197,0.0,-1.0156218402299644,0.0,train
-0.198328138305973,1.6011424198578141,0.2878066129698314,0.5276559250537763,0.22941573387056197,0.0,-0.8767808504514318,0.0,train
0.056665182373134115,0.4734411415040041,-0.36682294752312267,1.7260816533893357,0.22941573387056197,0.0,0.3727880575553599,0.0,train
-1.048305873902997,-1.5980519116246867,0.44315554054844275,1.28482255081088,0.22941573387056197,0.0,-1.1544628300084967,0.0,train
-1.3882969681418063,-0.17312288384631191,1.2142792913182847,1.1102015662243807,0.22941573387056197,0.0,-1.4321448095655616,0.0,train
0.14166295593283648,-0.4844102807507627,1.4481288498224218,1.2759203045378424,0.22941573387056197,0.0,0.3727880575553599,0.0,train
0.9066429179701578,1.1172538305762414,0.11810948583013996,1.141273829658155,0.22941573387056197,0.0,0.6504700371124247,0.0,train
-0.45332145898508014,-0.04426943496798281,-0.30939673831023623,1.772429180656691,-4.358898943540673,0.0,-0.5990988708943671,0.0,train
0.056665182373134115,-0.12952048861694182,-0.9793691791272439,1.3643448552051003,-4.358898943540673,0.0,-0.18257590155876982,0.0,train
0.5666518237313484,0.6887145504461446,-1.0056211604817062,1.4067197372781106,-4.358898943540673,0.0,0.5116290473338923,0.0,train
0.8216451444104556,-0.44992991323065207,1.278056443637595,1.0198095271443106,0.22941573387056197,0.0,1.4835159757836192,0.0,train
-1.1333036474626992,-1.4810913910398236,-1.591915410731365,0.5757586351634664,0.22941573387056197,0.0,-0.46025788111583466,0.0,train
0.14166295593283648,-0.7682494903530187,0.23211114560090715,1.5631661176145095,0.22941573387056197,0.0,0.23394706777682744,0.0,train
0.6516495972910508,0.7173770109694193,-1.009779275731704,1.0467348153809275,0.22941573387056197,0.0,0.6504700371124247,0.0,train
0.39665627661194364,-1.2119906646193974,-0.9971241423621459,0.7373344050190916,0.22941573387056197,0.0,1.4835159757836192,0.0,train
-0.11333036474627065,-0.019024563708106627,2.1390479999482825,1.324882659039547,0.22941573387056197,0.0,-0.0437349117802374,0.0,train
1.0766384650895626,-0.24450782551159705,-1.0297154447385415,0.8480027405366432,0.22941573387056197,0.0,2.177720924676281,0.0,train
-0.6233170061044849,1.6663958116026427,2.316712924266361,0.5065118766539127,0.22941573387056197,0.0,-0.7379398606728995,0.0,train
-0.3683236854253778,1.0026808605872928,-0.9556270771270842,1.3009708114922032,0.22941573387056197,0.0,-0.3214168913373022,0.0,train
-0.9633081003432944,-0.9628820912231351,-0.9191187301170024,0.7108465738952185,0.22941573387056197,0.0,-0.3214168913373022,0.0,train
0.056665182373134115,0.1548028816839922,-0.36682294752312267,1.0749554166577115,0.22941573387056197,0.0,-0.18257590155876982,0.0,train
0.31165850305224124,1.2203416269312637,0.20548302069094698,1.0321807003760721,0.22941573387056197,0.0,0.3727880575553599,0.0,train
-0.3683236854253778,-1.2225808231980848,1.58952625729004,0.7749101654506324,0.22941573387056197,0.0,-0.5990988708943671,0.0,train
0.14166295593283648,-0.24598534468487246,1.4481288498224218,1.5631661176145095,0.22941573387056197,0.0,0.23394706777682744,0.0,train
-2.153276930179128,-0.04445950586726727,2.2081399149608685,1.2759203045378424,0.22941573387056197,0.0,-3.237077676686483,0.0,train
-0.6233170061044849,-0.3755087064543917,-0.9404773548984109,0.8912160905958776,0.22941573387056197,0.0,0.23394706777682744,0.0,train
0.481654050171646,0.9447624383482722,0.179621172756813,0.8652001221710253,0.22941573387056197,0.0,0.6504700371124247,0.0,train
-0.3683236854253778,0.7684427886098817,-0.31933874352280317,1.1506677697660401,0.22941573387056197,0.0,-1.0156218402299644,0.0,train
-1.048305873902997,0.730904096514332,0.44315554054844275,1.12458211789621,0.22941573387056197,0.0,-0.8767808504514318,0.0,train
-0.878310326783592,-0.2632728338271974,-0.9245886218293143,1.3284652703445499,0.22941573387056197,0.0,-0.46025788111583466,0.0,train
0.7366473708507532,2.0979554215802447,0.1421943435281894,1.1697202680130183,0.22941573387056197,0.0,0.09510607799829501,0.0,train
0.056665182373134115,-0.16383537813601975,2.0833619788933624,1.0026080570208646,0.22941573387056197,0.0,0.09510607799829501,0.0,train
-0.7083147796641873,0.29658546900739474,-0.27861629017212913,0.5175913580154412,0.22941573387056197,0.0,-0.18257590155876982,0.0,train
0.6516495972910508,1.0962894147910311,1.3187652642669419,1.253001755622151,0.22941573387056197,0.0,1.2058339962265543,0.0,train
1.5016273328880745,2.9146246741247457,0.5824208815852507,1.1118477788566337,0.22941573387056197,0.0,1.6223569655621515,0.0,train
-0.7083147796641873,1.433434490689744,-1.591915410731365,1.3707114228531427,0.22941573387056197,0.0,-0.18257590155876982,0.0,train
-1.048305873902997,-1.00812210692125,-0.23520144321149322,1.0444619014388754,0.22941573387056197,0.0,-1.4321448095655616,0.0,train
1.6716228800074793,-0.8641346687228577,1.626954982796174,1.0224681165290186,0.22941573387056197,0.0,1.9000389451192163,0.0,train
0.056665182373134115,-0.2749502584835155,-0.36682294752312267,1.0749554166577115,0.22941573387056197,0.0,-0.18257590155876982,0.0,train
0.056665182373134115,-0.7586267964667162,-0.9793691791272439,0.640871258836629,0.22941573387056197,0.0,0.09510607799829501,0.0,train
-0.6233170061044849,-0.46761163365185554,1.6652748684334064,1.1989794617494496,0.22941573387056197,0.0,-0.18257590155876982,0.0,train
1.0766384650895626,-1.1938416672556538,-1.0297154447385415,1.0472057444682359,0.22941573387056197,0.0,0.7893110268909571,0.0,train
1.5016273328880745,0.04347157188510533,0.5824208815852507,0.7266340229094478,0.22941573387056197,0.0,1.2058339962265543,0.0,train
-0.9633081003432944,0.011676843666480734,-0.9191187301170024,1.2670910274965514,0.22941573387056197,0.0,-0.8767808504514318,0.0,train
0.481654050171646,-0.2634649391754861,-1.591915410731365,0.44673050240106077,0.22941573387056197,0.0,0.7893110268909571,0.0,train
1.586625106447777,0.07286425765065482,0.028108175484797587,1.0349739810689278,0.22941573387056197,0.0,1.9000389451192163,0.0,train
-0.11333036474627065,-0.11357619651717032,-0.3482609405048159,1.1779955955344334,0.22941573387056197,0.0,0.09510607799829501,0.0,train
1.1616362386492651,0.7649787532360669,0.6415864949816211,1.8914470468449862,0.22941573387056197,0.0,1.4835159757836192,0.0,train
-0.45332145898508014,-0.6412821296291525,-0.30939673831023623,0.7878268330989746,0.22941573387056197,0.0,0.23394706777682744,0.0,train
0.22666072949253888,2.5888050941401963,-0.38483901315853797,0.8323789755224008,0.22941573387056197,0.0,0.23394706777682744,0.0,train
0.14166295593283648,0.13517016535244478,-0.3758977065098503,1.4195432110761763,0.22941573387056197,0.0,0.6504700371124247,0.0,train
0.056665182373134115,-1.58055010256655,-0.36682294752312267,1.2196501359314058,0.22941573387056197,0.0,-0.0437349117802374,0.0,train
-0.9633081003432944,-0.21625867149186928,3.1176613535691735,0.9492370540100755,0.22941573387056197,0.0,-0.8767808504514318,0.0,train
0.9916406915298602,0.2391420058747255,-0.45976099645616175,1.39478064098336,0.22941573387056197,0.0,1.2058339962265543,0.0,train
-1.1333036474626992,-0.41182854000961316,-0.9079054521067631,1.2220617145859676,0.22941573387056197,0.0,-1.0156218402299644,0.0,train
-0.5383192325447825,0.36123261075939145,-0.2992981660864479,1.4879619972617604,0.22941573387056197,0.0,-0.7379398606728995,0.0,train
0.8216451444104556,-0.5356771429846154,-1.0179210398575733,2.036719966795099,0.22941573387056197,0.0,0.7893110268909571,0.0,train
-0.6233170061044849,-0.8221210138081405,-0.2890392990654565,1.5067428329030215,0.22941573387056197,0.0,-0.7379398606728995,0.0,train
0.9916406915298602,-1.7209425142672616,3.502779453507051,0.8599091269785315,0.22941573387056197,0.0,0.5116290473338923,0.0,train
-1.3882969681418063,0.038352922868331446,-0.8903667352189527,0.6130453512839954,0.22941573387056197,0.0,-1.5709857993440939,0.0,train
-0.9633081003432944,-0.6111075953882124,-0.2463220495026397,1.2670910274965514,0.22941573387056197,0.0,-0.46025788111583466,0.0,train
0.22666072949253888,0.4249485315253664,0.21869918562787577,0.761095547644919,0.22941573387056197,0.0,1.066993006448022,0.0,train
1.3316317857686697,-0.7071818790061863,-1.591915410731365,0.8132424848170364,0.22941573387056197,0.0,1.4835159757836192,0.0,train
-0.198328138305973,0.5314059875945765,1.5409546287706293,1.859730974245191,0.22941573387056197,0.0,-0.18257590155876982,0.0,train
-0.198328138305973,0.05503898260235252,0.9143806208702302,0.8236726026518685,0.22941573387056197,0.0,0.3727880575553599,0.0,train
2.4366028420448007,-0.5425297379550365,0.9414548063967906,1.335763182262148,0.22941573387056197,0.0,1.9000389451192163,0.0,train
1.7566206535671816,0.2783746823454591,0.0070689081313409785,0.5065118766539127,0.22941573387056197,0.0,0.6504700371124247,0.0,train
-0.028332591186568265,0.018329629704783728,-1.591915410731365,1.0896424746291016,0.22941573387056197,0.0,-0.18257590155876982,0.0,train
-1.558292515261211,-0.250780640648334,2.6905817215270127,0.8918851414027332,0.22941573387056197,0.0,-1.0156218402299644,0.0,train
0.22666072949253888,0.0514256725025656,-0.9883772119449515,0.2621115525025468,0.22941573387056197,0.0,0.5116290473338923,0.0,train
-0.45332145898508014,0.2995688218426049,-1.591915410731365,1.4694746121773936,0.22941573387056197,0.0,0.6504700371124247,0.0,train
-0.7933125532238897,-1.4873306215919104,-0.9299702894817503,1.545213254297218,0.22941573387056197,0.0,-0.0437349117802374,0.0,train
-1.8982836095000206,0.22858504653582487,-0.11297495965114444,1.0430182939351396,0.22941573387056197,0.0,-2.6817137175723533,0.0,train
1.3316317857686697,1.1811788836304817,0.611606603629769,0.9433706216135133,0.22941573387056197,0.0,0.9281520166694895,0.0,train
-0.45332145898508014,-0.4685076821770662,-0.30939673831023623,0.4091336224998529,0.22941573387056197,0.0,-0.7379398606728995,0.0,train
-1.3882969681418063,-0.17873728579448758,-0.18881805970654023,1.3587796736945736,0.22941573387056197,0.0,-1.5709857993440939,0.0,train
0.9916406915298602,-0.982513138035033,0.6723934178190417,1.1942038232315495,0.22941573387056197,0.0,1.761197955340684,0.0,train
0.39665627661194364,0.9347857672605046,-0.9971241423621459,0.3860827314199063,0.22941573387056197,0.0,0.7893110268909571,0.0,train
-0.5383192325447825,0.8267416856751242,-0.2992981660864479,1.4116269878811498,0.22941573387056197,0.0,-0.7379398606728995,0.0,train
-0.7933125532238897,1.4509938044472803,-0.9299702894817503,1.310667781926149,0.22941573387056197,0.0,-0.5990988708943671,0.0,train
0.39665627661194364,1.3282821124979176,0.7872496627455117,1.229086748057951,0.22941573387056197,0.0,-0.0437349117802374,0.0,train
0.22666072949253888,0.3975783220280062,-1.591915410731365,1.9729138215621085,0.22941573387056197,0.0,0.09510607799829501,0.0,train
2.1816095213656936,-0.814153405652573,-1.0756814796939296,1.011708353830531,0.22941573387056197,0.0,0.9281520166694895,0.0,train
-0.5383192325447825,1.099150699885072,-0.2992981660864479,1.0299519409780982,0.22941573387056197,0.0,-0.8767808504514318,0.0,train
0.056665182373134115,-0.12625240390083828,0.24572328408099856,1.1473027762945587,0.22941573387056197,0.0,-0.3214168913373022,0.0,train
1.4166295593283722,0.0691572748906619,-1.0447074438316835,1.2543768685570926,0.22941573387056197,0.0,0.5116290473338923,0.0,train
0.39665627661194364,0.8427583961969155,1.97683219948395,1.6505887563769734,0.22941573387056197,0.0,-0.46025788111583466,0.0,train
0.31165850305224124,-0.3139883653295132,-0.9927826002572612,1.3859962548044484,0.22941573387056197,0.0,0.6504700371124247,0.0,train
-1.8132858359403181,1.003862962658607,-0.12617978510721792,0.7661872210647391,0.22941573387056197,0.0,-1.0156218402299644,0.0,train
1.4166295593283722,0.18155760189315187,-1.0447074438316835,1.0604859447303423,0.22941573387056197,0.0,1.4835159757836192,0.0,train
0.481654050171646,0.7525802479207653,-1.591915410731365,1.2139248053126626,0.22941573387056197,0.0,0.3727880575553599,0.0,train
-0.5383192325447825,0.34743974928040994,0.3470104562360108,0.9536169315974877,0.22941573387056197,0.0,-0.5990988708943671,0.0,train
0.39665627661194364,-0.26633009300046284,1.382040931114731,1.4398377522174626,0.22941573387056197,0.0,0.09510607799829501,0.0,train
-1.4732947417015088,0.20554271421589568,1.2384706249566435,0.9601975358544368,0.22941573387056197,0.0,-1.5709857993440939,0.0,train
-0.2833259118656754,0.23298552373844786,-0.32912779480902277,0.6876187835250532,-4.358898943540673,0.0,-0.0437349117802374,0.0,train
0.39665627661194364,0.23982044784927337,-0.4023328739929267,0.6670840702992545,-4.358898943540673,0.0,0.9281520166694895,0.0,train
-1.4732947417015088,-0.026632166347915348,-0.884318901809363,0.6259028396014191,-4.358898943540673,0.0,-1.5709857993440939,0.0,train
-1.7282880623806158,-1.0772072140793665,2.0399958740010353,0.9232180340565368,0.22941573387056197,0.0,-1.7098267891226264,0.0,train
0.056665182373134115,0.23650499958656224,0.24572328408099856,0.9302606973840175,0.22941573387056197,0.0,0.09510607799829501,0.0,train
0.31165850305224124,-0.4770109270072194,1.4037486416391547,1.7398118092328252,0.22941573387056197,0.0,0.09510607799829501,0.0,train
0.056665182373134115,1.6597558934492935,-1.591915410731365,1.2196501359314058,0.22941573387056197,0.0,0.23394706777682744,0.0,train
-0.7933125532238897,-1.2877929652563114,-0.26802516823213535,0.6070313648129423,0.22941573387056197,0.0,-0.5990988708943671,0.0,train
-0.5383192325447825,0.4422656719484267,-0.2992981660864479,0.9536169315974877,0.22941573387056197,0.0,0.09510607799829501,0.0,train
-0.6233170061044849,0.09195709384973455,0.36239875676749783,1.8145062040565936,0.22941573387056197,0.0,0.09510607799829501,0.0,train
0.056665182373134115,-1.322371409994432,0.8582695156851199,0.35148182028924035,0.22941573387056197,0.0,-0.5990988708943671,0.0,train
0.9066429179701578,0.35544966623305074,0.11810948583013996,1.073950592218311,0.22941573387056197,0.0,0.6504700371124247,0.0,train
0.056665182373134115,-2.0871032335624693,2.0833619788933624,1.0026080570208646,0.22941573387056197,0.0,-0.8767808504514318,0.0,train
0.14166295593283648,0.9704684107533628,-0.3758977065098503,0.9886744914611755,0.22941573387056197,0.0,-0.46025788111583466,0.0,train
-0.3683236854253778,0.7922060712742572,-1.591915410731365,1.000364728039877,0.22941573387056197,0.0,0.09510607799829501,0.0,train
-1.7282880623806158,-0.7303564176172399,0.5872313601080751,0.5800482573720229,0.22941573387056197,0.0,-1.7098267891226264,0.0,train
1.1616362386492651,-0.23747844359241496,1.1999619714098682,1.363852696296006,0.22941573387056197,0.0,1.3446749860050868,0.0,train
-0.7083147796641873,-0.6283086503274056,-0.9352658504517471,0.5175913580154412,0.22941573387056197,0.0,0.9281520166694895,0.0,train
-0.028332591186568265,-0.7109938474278801,0.2595401163728208,1.3083164488697974,0.22941573387056197,0.0,0.6504700371124247,0.0,train
-1.3882969681418063,-0.5156014026850768,1.915827966830697,1.0273421970676497,0.22941573387056197,0.0,-0.5990988708943671,0.0,train
-1.8132858359403181,2.6069752332182734,-0.12617978510721792,0.7661872210647391,0.22941573387056197,0.0,-0.7379398606728995,0.0,train
0.31165850305224124,1.1612059918128788,-0.3936497897831572,0.8906544786047215,0.22941573387056197,0.0,0.7893110268909571,0.0,train
-1.303299194582104,-0.1185807135079532,-1.591915410731365,1.832763353192822,0.22941573387056197,0.0,-0.8767808504514318,0.0,train
-0.198328138305973,1.260163932073906,0.9143806208702302,1.3417017884485296,0.22941573387056197,0.0,-0.5990988708943671,0.0,train
